"hello, this , has commas",value
"this
Has a line break",value
this is norma,value
"hello, this , has commas",value
"this
Has a line break",value
this is norma,value
"hello, this , has commas",value
"this
Has a line break",value
this is norma,value
"hello, this , has commas",value
"this
Has a line break",value
this is norma,value
"hello, this , has commas",value
"this
Has a line break",value
this is norma,value
"hello, this , has commas",value
"this
Has a line break",value
this is norma,value
"hello, this , has commas",value
"this
Has a line break",value
this is norma,value
